{
    "1": 98.605,
    "2": 99.065,
    "3": 99.08833333333334,
    "4": 99.30333333333333,
    "5": 99.40333333333334,
    "6": 99.35833333333333,
    "7": 99.3,
    "8": 99.67833333333334,
    "9": 99.41333333333333,
    "10": 99.66333333333334,
    "11": 99.40166666666667,
    "12": 99.71,
    "13": 99.67166666666667,
    "14": 99.61166666666666,
    "15": 99.79,
    "16": 99.85333333333334,
    "17": 99.72666666666666,
    "18": 99.90166666666667,
    "19": 99.87333333333333,
    "20": 99.62166666666667,
    "21": 99.91499999999999,
    "22": 99.92833333333333,
    "23": 99.66666666666667,
    "24": 99.71333333333334,
    "25": 99.86333333333334,
    "26": 99.97166666666666,
    "27": 99.92,
    "28": 98.78,
    "29": 99.815,
    "30": 99.895
}