{
    "1": 97.57000000000001,
    "2": 99.28,
    "3": 99.37,
    "4": 99.33999999999999,
    "5": 99.47,
    "6": 99.28,
    "7": 99.31,
    "8": 99.39,
    "9": 99.45,
    "10": 99.44,
    "11": 99.48,
    "12": 99.38,
    "13": 99.28,
    "14": 99.48,
    "15": 99.33999999999999,
    "16": 99.6,
    "17": 99.38,
    "18": 99.5,
    "19": 99.45,
    "20": 99.41,
    "21": 99.47,
    "22": 99.59,
    "23": 99.53,
    "24": 99.58,
    "25": 99.06,
    "26": 99.57000000000001,
    "27": 99.52,
    "28": 99.48,
    "29": 99.59,
    "30": 99.31
}