{
    "1": 98.68,
    "2": 99.16,
    "3": 98.98,
    "4": 99.03,
    "5": 99.52,
    "6": 99.06,
    "7": 99.47,
    "8": 99.46000000000001,
    "9": 99.53999999999999,
    "10": 99.51,
    "11": 99.55000000000001,
    "12": 99.55000000000001,
    "13": 99.49,
    "14": 99.62,
    "15": 99.26,
    "16": 99.57000000000001,
    "17": 99.58,
    "18": 99.59,
    "19": 99.47,
    "20": 99.42,
    "21": 99.53999999999999,
    "22": 99.33999999999999,
    "23": 99.52,
    "24": 99.45,
    "25": 99.51,
    "26": 99.3,
    "27": 99.52,
    "28": 99.45,
    "29": 99.37,
    "30": 99.6
}