{
    "1": 98.63833333333332,
    "2": 99.24833333333333,
    "3": 98.95333333333333,
    "4": 99.15833333333333,
    "5": 99.68666666666667,
    "6": 99.28333333333333,
    "7": 99.78166666666667,
    "8": 99.695,
    "9": 99.83999999999999,
    "10": 99.89666666666666,
    "11": 99.79833333333333,
    "12": 99.90333333333334,
    "13": 99.86500000000001,
    "14": 99.94333333333333,
    "15": 99.75333333333334,
    "16": 99.95833333333334,
    "17": 99.95333333333333,
    "18": 99.93333333333332,
    "19": 99.81833333333333,
    "20": 99.795,
    "21": 99.93333333333332,
    "22": 99.835,
    "23": 99.95,
    "24": 99.90333333333334,
    "25": 99.96166666666667,
    "26": 99.74666666666666,
    "27": 99.945,
    "28": 99.96166666666667,
    "29": 99.9,
    "30": 99.97666666666667
}