{
    "1": 97.37,
    "2": 99.34833333333334,
    "3": 99.36666666666667,
    "4": 99.41666666666666,
    "5": 99.575,
    "6": 99.52166666666666,
    "7": 99.59166666666667,
    "8": 99.77000000000001,
    "9": 99.79,
    "10": 99.82666666666667,
    "11": 99.88,
    "12": 99.87333333333333,
    "13": 99.86500000000001,
    "14": 99.845,
    "15": 99.83999999999999,
    "16": 99.94333333333333,
    "17": 99.85666666666667,
    "18": 99.94666666666666,
    "19": 99.905,
    "20": 99.83833333333332,
    "21": 99.965,
    "22": 99.97,
    "23": 99.98833333333333,
    "24": 99.98166666666667,
    "25": 99.58166666666666,
    "26": 99.98833333333333,
    "27": 99.98166666666667,
    "28": 99.98333333333333,
    "29": 99.97166666666666,
    "30": 99.81
}