{
    "1": 66.99000000000001,
    "2": 75.72,
    "3": 77.98,
    "4": 80.66,
    "5": 80.22,
    "6": 82.0,
    "7": 82.46,
    "8": 82.74000000000001,
    "9": 83.44,
    "10": 84.17999999999999,
    "11": 83.50999999999999,
    "12": 83.39999999999999,
    "13": 84.34,
    "14": 82.36,
    "15": 82.98,
    "16": 81.39,
    "17": 85.11999999999999,
    "18": 83.91,
    "19": 84.42,
    "20": 85.42999999999999,
    "21": 84.81,
    "22": 83.82,
    "23": 85.13,
    "24": 83.78999999999999,
    "25": 85.26,
    "26": 85.15,
    "27": 82.72,
    "28": 84.47,
    "29": 84.2,
    "30": 85.09
}