{
    "1": 68.978,
    "2": 79.24799999999999,
    "3": 84.166,
    "4": 88.652,
    "5": 91.274,
    "6": 94.83,
    "7": 96.652,
    "8": 97.286,
    "9": 98.212,
    "10": 98.55199999999999,
    "11": 98.31800000000001,
    "12": 98.146,
    "13": 98.952,
    "14": 97.57000000000001,
    "15": 98.35000000000001,
    "16": 97.44,
    "17": 99.496,
    "18": 99.026,
    "19": 99.222,
    "20": 99.69,
    "21": 99.59400000000001,
    "22": 98.668,
    "23": 99.458,
    "24": 98.962,
    "25": 99.59400000000001,
    "26": 99.708,
    "27": 98.066,
    "28": 99.59400000000001,
    "29": 99.41799999999999,
    "30": 99.414
}