{
    "1": 97.78,
    "2": 98.41,
    "3": 98.82,
    "4": 99.15,
    "5": 99.17,
    "6": 98.96000000000001,
    "7": 99.11999999999999,
    "8": 99.22999999999999,
    "9": 99.31,
    "10": 99.28,
    "11": 99.13,
    "12": 99.31,
    "13": 99.08,
    "14": 99.28,
    "15": 99.45,
    "16": 99.31,
    "17": 99.41,
    "18": 99.4,
    "19": 99.18,
    "20": 99.25,
    "21": 99.24,
    "22": 99.25,
    "23": 99.22,
    "24": 99.4,
    "25": 99.28,
    "26": 98.98,
    "27": 99.48,
    "28": 99.13,
    "29": 99.38,
    "30": 99.37
}