{
    "1": 83.21,
    "2": 85.80166666666666,
    "3": 87.46666666666667,
    "4": 87.13,
    "5": 88.59333333333333,
    "6": 88.47500000000001,
    "7": 89.28166666666667,
    "8": 89.47666666666667,
    "9": 89.65166666666666,
    "10": 89.94333333333333,
    "11": 89.74166666666666,
    "12": 90.42,
    "13": 89.99833333333333,
    "14": 90.33,
    "15": 90.37833333333334,
    "16": 90.56333333333333,
    "17": 90.645,
    "18": 90.43333333333334,
    "19": 90.56166666666667,
    "20": 90.71000000000001,
    "21": 90.80333333333334,
    "22": 90.79666666666667,
    "23": 90.74833333333333,
    "24": 90.82166666666667,
    "25": 90.75,
    "26": 90.86166666666666,
    "27": 91.18666666666667,
    "28": 90.96,
    "29": 91.17333333333333,
    "30": 90.97833333333334
}