{
    "1": 55.05,
    "2": 61.44,
    "3": 72.3,
    "4": 72.68,
    "5": 74.11999999999999,
    "6": 76.0,
    "7": 80.36999999999999,
    "8": 80.30000000000001,
    "9": 82.19999999999999,
    "10": 84.99,
    "11": 84.5,
    "12": 83.96000000000001,
    "13": 85.50999999999999,
    "14": 85.49,
    "15": 85.56,
    "16": 85.64,
    "17": 87.86,
    "18": 87.85,
    "19": 87.94999999999999,
    "20": 88.18,
    "21": 88.8,
    "22": 87.59,
    "23": 90.07,
    "24": 89.62,
    "25": 90.32,
    "26": 90.45,
    "27": 90.2,
    "28": 90.11,
    "29": 90.85,
    "30": 90.16999999999999
}