{
    "1": 46.442,
    "2": 54.098,
    "3": 62.268,
    "4": 63.73,
    "5": 64.98,
    "6": 67.72,
    "7": 70.89,
    "8": 71.56400000000001,
    "9": 73.272,
    "10": 76.116,
    "11": 76.412,
    "12": 75.354,
    "13": 76.92,
    "14": 77.496,
    "15": 77.858,
    "16": 78.02799999999999,
    "17": 80.252,
    "18": 80.124,
    "19": 80.694,
    "20": 80.13,
    "21": 81.486,
    "22": 80.898,
    "23": 82.71,
    "24": 83.102,
    "25": 83.672,
    "26": 83.96000000000001,
    "27": 83.368,
    "28": 84.084,
    "29": 84.636,
    "30": 84.066
}