{
    "1": 98.53,
    "2": 99.08,
    "3": 99.06,
    "4": 99.03999999999999,
    "5": 99.1,
    "6": 99.29,
    "7": 99.0,
    "8": 99.3,
    "9": 99.31,
    "10": 99.24,
    "11": 99.35000000000001,
    "12": 99.02,
    "13": 98.83999999999999,
    "14": 99.49,
    "15": 99.36,
    "16": 99.38,
    "17": 99.35000000000001,
    "18": 99.48,
    "19": 99.37,
    "20": 99.2,
    "21": 99.46000000000001,
    "22": 99.37,
    "23": 99.4,
    "24": 99.3,
    "25": 99.22999999999999,
    "26": 99.41,
    "27": 99.41,
    "28": 99.42999999999999,
    "29": 99.53999999999999,
    "30": 99.42
}