{
    "1": 85.995,
    "2": 87.42333333333333,
    "3": 88.12666666666667,
    "4": 88.70833333333333,
    "5": 88.645,
    "6": 89.85,
    "7": 89.73666666666666,
    "8": 89.95666666666666,
    "9": 89.24499999999999,
    "10": 90.10333333333334,
    "11": 90.46499999999999,
    "12": 90.02833333333334,
    "13": 90.43666666666667,
    "14": 90.825,
    "15": 90.8,
    "16": 91.06833333333333,
    "17": 90.99666666666667,
    "18": 90.80333333333334,
    "19": 91.26666666666667,
    "20": 91.14666666666666,
    "21": 91.45833333333333,
    "22": 91.52666666666667,
    "23": 91.19,
    "24": 91.23666666666666,
    "25": 91.45,
    "26": 91.455,
    "27": 91.815,
    "28": 91.56833333333333,
    "29": 91.745,
    "30": 91.625
}