{
    "1": 41.39,
    "2": 50.55,
    "3": 59.68,
    "4": 64.53,
    "5": 69.1,
    "6": 69.13,
    "7": 72.81,
    "8": 74.66000000000001,
    "9": 75.82,
    "10": 77.52,
    "11": 76.03999999999999,
    "12": 78.16,
    "13": 78.58000000000001,
    "14": 79.12,
    "15": 80.31,
    "16": 78.2,
    "17": 79.97,
    "18": 82.39,
    "19": 81.67999999999999,
    "20": 81.33,
    "21": 81.49,
    "22": 81.97,
    "23": 81.61,
    "24": 79.93,
    "25": 82.88,
    "26": 83.53,
    "27": 82.85,
    "28": 82.71,
    "29": 83.26,
    "30": 83.56
}