{
    "1": 37.422,
    "2": 42.396,
    "3": 52.518,
    "4": 56.391999999999996,
    "5": 59.756,
    "6": 62.708,
    "7": 63.81,
    "8": 64.544,
    "9": 66.01599999999999,
    "10": 68.526,
    "11": 67.228,
    "12": 69.33399999999999,
    "13": 69.762,
    "14": 71.00800000000001,
    "15": 72.076,
    "16": 70.476,
    "17": 71.028,
    "18": 73.80600000000001,
    "19": 73.244,
    "20": 73.708,
    "21": 72.906,
    "22": 74.304,
    "23": 74.464,
    "24": 73.04,
    "25": 74.82600000000001,
    "26": 75.594,
    "27": 75.68599999999999,
    "28": 75.698,
    "29": 76.992,
    "30": 77.08
}