{
    "1": 57.062000000000005,
    "2": 69.678,
    "3": 77.58800000000001,
    "4": 79.154,
    "5": 82.19999999999999,
    "6": 86.316,
    "7": 88.358,
    "8": 89.01,
    "9": 92.716,
    "10": 93.126,
    "11": 94.136,
    "12": 94.44399999999999,
    "13": 95.3,
    "14": 96.74000000000001,
    "15": 95.552,
    "16": 96.26599999999999,
    "17": 97.096,
    "18": 97.04,
    "19": 97.02199999999999,
    "20": 96.09400000000001,
    "21": 98.646,
    "22": 98.358,
    "23": 98.848,
    "24": 98.508,
    "25": 97.39999999999999,
    "26": 98.104,
    "27": 98.064,
    "28": 96.784,
    "29": 97.696,
    "30": 98.396
}