{
    "1": 98.78,
    "2": 98.91,
    "3": 99.08,
    "4": 99.08,
    "5": 99.29,
    "6": 99.06,
    "7": 99.11999999999999,
    "8": 99.4,
    "9": 99.11,
    "10": 99.33,
    "11": 99.09,
    "12": 99.32,
    "13": 99.33999999999999,
    "14": 99.18,
    "15": 99.38,
    "16": 99.52,
    "17": 99.19,
    "18": 99.59,
    "19": 99.56,
    "20": 99.27,
    "21": 99.51,
    "22": 99.6,
    "23": 99.32,
    "24": 99.31,
    "25": 99.46000000000001,
    "26": 99.49,
    "27": 99.46000000000001,
    "28": 98.35000000000001,
    "29": 99.37,
    "30": 99.56
}