{
    "1": 98.64,
    "2": 98.92999999999999,
    "3": 99.02,
    "4": 99.26,
    "5": 99.27,
    "6": 99.37,
    "7": 99.33999999999999,
    "8": 99.48,
    "9": 99.22,
    "10": 99.47,
    "11": 99.36,
    "12": 99.4,
    "13": 99.42,
    "14": 99.48,
    "15": 99.36,
    "16": 99.46000000000001,
    "17": 99.5,
    "18": 99.47,
    "19": 99.46000000000001,
    "20": 99.42,
    "21": 99.42999999999999,
    "22": 99.35000000000001,
    "23": 99.47,
    "24": 99.53,
    "25": 99.47,
    "26": 99.45,
    "27": 99.49,
    "28": 99.35000000000001,
    "29": 99.46000000000001,
    "30": 99.47
}