{
    "1": 98.64500000000001,
    "2": 99.18333333333334,
    "3": 99.35666666666667,
    "4": 99.60333333333334,
    "5": 99.63499999999999,
    "6": 99.78166666666667,
    "7": 99.72666666666666,
    "8": 99.91666666666667,
    "9": 99.875,
    "10": 99.9,
    "11": 99.87833333333333,
    "12": 99.91499999999999,
    "13": 99.94333333333333,
    "14": 99.97,
    "15": 99.96666666666667,
    "16": 99.97333333333333,
    "17": 99.99,
    "18": 99.97333333333333,
    "19": 99.99166666666667,
    "20": 99.99666666666667,
    "21": 99.99166666666667,
    "22": 99.97666666666667,
    "23": 99.99333333333334,
    "24": 99.99833333333333,
    "25": 99.995,
    "26": 99.99666666666667,
    "27": 99.995,
    "28": 99.99,
    "29": 99.96000000000001,
    "30": 99.99166666666667
}