{
    "1": 56.220000000000006,
    "2": 67.16,
    "3": 73.83999999999999,
    "4": 75.2,
    "5": 77.39,
    "6": 79.17,
    "7": 80.43,
    "8": 79.85,
    "9": 82.50999999999999,
    "10": 81.92,
    "11": 82.69,
    "12": 81.86,
    "13": 82.82000000000001,
    "14": 83.42,
    "15": 82.12,
    "16": 82.77,
    "17": 83.14,
    "18": 82.77,
    "19": 82.86,
    "20": 82.17999999999999,
    "21": 84.06,
    "22": 83.97,
    "23": 84.17,
    "24": 84.32,
    "25": 82.56,
    "26": 83.19,
    "27": 83.55,
    "28": 81.47,
    "29": 82.67999999999999,
    "30": 83.95
}