{
    "1": 63.660000000000004,
    "2": 75.92999999999999,
    "3": 78.93,
    "4": 79.06,
    "5": 81.82000000000001,
    "6": 79.29,
    "7": 84.02,
    "8": 82.41000000000001,
    "9": 82.65,
    "10": 81.14,
    "11": 81.17999999999999,
    "12": 83.35000000000001,
    "13": 79.62,
    "14": 83.64,
    "15": 83.89999999999999,
    "16": 83.41,
    "17": 83.87,
    "18": 83.89999999999999,
    "19": 82.65,
    "20": 84.43,
    "21": 84.26,
    "22": 84.63000000000001,
    "23": 84.7,
    "24": 84.88,
    "25": 82.96,
    "26": 84.13000000000001,
    "27": 84.54,
    "28": 83.58,
    "29": 84.52,
    "30": 84.43
}