{
    "1": 65.56,
    "2": 80.626,
    "3": 84.69200000000001,
    "4": 87.226,
    "5": 92.52,
    "6": 91.764,
    "7": 97.538,
    "8": 96.576,
    "9": 97.444,
    "10": 96.46000000000001,
    "11": 96.624,
    "12": 98.234,
    "13": 95.42,
    "14": 98.366,
    "15": 98.828,
    "16": 98.83,
    "17": 99.18599999999999,
    "18": 98.638,
    "19": 98.63199999999999,
    "20": 99.30600000000001,
    "21": 99.26,
    "22": 99.372,
    "23": 99.436,
    "24": 99.536,
    "25": 99.084,
    "26": 99.28399999999999,
    "27": 99.46199999999999,
    "28": 99.11,
    "29": 99.65,
    "30": 99.346
}